{
	"credit": "Made with Blockbench",
	"texture_size": [32, 32],
	"textures": {
		"0": "helmets/crossbow/crossbow_arrow",
		"1": "helmets/crossbow/iron_layer_1",
		"particle": "helmets/crossbow/crossbow_arrow"
	},
	"elements": [
		{
			"from": [4, 0, 4],
			"to": [12, 8, 12],
			"rotation": {"angle": 0, "axis": "y", "origin": [12, 8, 12]},
			"faces": {
				"north": {"uv": [4, 4, 8, 8], "texture": "#1"},
				"east": {"uv": [12, 4, 8, 8], "texture": "#1"},
				"south": {"uv": [12, 4, 16, 8], "texture": "#1"},
				"west": {"uv": [4, 4, 0, 8], "texture": "#1"},
				"up": {"uv": [4, 0, 8, 4], "texture": "#1"},
				"down": {"uv": [8, 0, 12, 4], "texture": "#1"}
			}
		},
		{
			"from": [15, 8, 6.5],
			"to": [17, 9, 10.5],
			"rotation": {"angle": -45, "axis": "y", "origin": [7.5, 8, 0.5]},
			"faces": {
				"north": {"uv": [15, 12, 13, 13], "texture": "#0"},
				"east": {"uv": [14, 12, 15, 16], "rotation": 90, "texture": "#0"},
				"south": {"uv": [15, 15, 13, 16], "rotation": 180, "texture": "#0"},
				"west": {"uv": [13, 12, 14, 16], "rotation": 270, "texture": "#0"},
				"up": {"uv": [13, 12, 15, 16], "texture": "#0"},
				"down": {"uv": [15, 12, 13, 16], "rotation": 180, "texture": "#0"}
			}
		},
		{
			"from": [13, 8, 2.5],
			"to": [14, 9, 8.5],
			"rotation": {"angle": -45, "axis": "y", "origin": [7.5, 8, 0.5]},
			"faces": {
				"north": {"uv": [12, 8, 11, 9], "texture": "#0"},
				"east": {"uv": [11, 8, 12, 14], "rotation": 90, "texture": "#0"},
				"south": {"uv": [12, 13, 11, 14], "rotation": 180, "texture": "#0"},
				"west": {"uv": [11, 8, 12, 14], "rotation": 270, "texture": "#0"},
				"up": {"uv": [11, 8, 12, 14], "texture": "#0"},
				"down": {"uv": [12, 8, 11, 14], "rotation": 180, "texture": "#0"}
			}
		},
		{
			"from": [11, 8, 1.5],
			"to": [13, 9, 7.5],
			"rotation": {"angle": -45, "axis": "y", "origin": [7.5, 8, 0.5]},
			"faces": {
				"north": {"uv": [11, 7, 9, 8], "texture": "#0"},
				"east": {"uv": [10, 7, 11, 13], "rotation": 90, "texture": "#0"},
				"south": {"uv": [11, 12, 9, 13], "rotation": 180, "texture": "#0"},
				"west": {"uv": [9, 7, 10, 13], "rotation": 270, "texture": "#0"},
				"up": {"uv": [9, 7, 11, 13], "texture": "#0"},
				"down": {"uv": [11, 7, 9, 13], "rotation": 180, "texture": "#0"}
			}
		},
		{
			"from": [10, 8, 0.5],
			"to": [12, 9, 7.5],
			"rotation": {"angle": -45, "axis": "y", "origin": [7.5, 8, 0.5]},
			"faces": {
				"north": {"uv": [10, 6, 8, 7], "texture": "#0"},
				"east": {"uv": [9, 6, 10, 13], "rotation": 90, "texture": "#0"},
				"south": {"uv": [10, 12, 8, 13], "rotation": 180, "texture": "#0"},
				"west": {"uv": [8, 6, 9, 13], "rotation": 270, "texture": "#0"},
				"up": {"uv": [8, 6, 10, 13], "texture": "#0"},
				"down": {"uv": [10, 6, 8, 13], "rotation": 180, "texture": "#0"}
			}
		},
		{
			"from": [9, 8, -0.5],
			"to": [11, 9, 5.5],
			"rotation": {"angle": -45, "axis": "y", "origin": [7.5, 8, 0.5]},
			"faces": {
				"north": {"uv": [9, 5, 7, 6], "texture": "#0"},
				"east": {"uv": [8, 5, 9, 11], "rotation": 90, "texture": "#0"},
				"south": {"uv": [9, 10, 7, 11], "rotation": 180, "texture": "#0"},
				"west": {"uv": [7, 5, 8, 11], "rotation": 270, "texture": "#0"},
				"up": {"uv": [7, 5, 9, 11], "texture": "#0"},
				"down": {"uv": [9, 5, 7, 11], "rotation": 180, "texture": "#0"}
			}
		},
		{
			"from": [8, 8, -3.5],
			"to": [10, 9, 4.5],
			"rotation": {"angle": -45, "axis": "y", "origin": [7.5, 8, 0.5]},
			"faces": {
				"north": {"uv": [8, 2, 6, 3], "texture": "#0"},
				"east": {"uv": [7, 2, 8, 10], "rotation": 90, "texture": "#0"},
				"south": {"uv": [8, 9, 6, 10], "rotation": 180, "texture": "#0"},
				"west": {"uv": [6, 2, 7, 10], "rotation": 270, "texture": "#0"},
				"up": {"uv": [6, 2, 8, 10], "texture": "#0"},
				"down": {"uv": [8, 2, 6, 10], "rotation": 180, "texture": "#0"}
			}
		},
		{
			"from": [7, 8, -2.5],
			"to": [9, 9, 3.5],
			"rotation": {"angle": -45, "axis": "y", "origin": [7.5, 8, 0.5]},
			"faces": {
				"north": {"uv": [7, 3, 5, 4], "texture": "#0"},
				"east": {"uv": [6, 3, 7, 9], "rotation": 90, "texture": "#0"},
				"south": {"uv": [7, 8, 5, 9], "rotation": 180, "texture": "#0"},
				"west": {"uv": [5, 3, 6, 9], "rotation": 270, "texture": "#0"},
				"up": {"uv": [5, 3, 7, 9], "texture": "#0"},
				"down": {"uv": [7, 3, 5, 9], "rotation": 180, "texture": "#0"}
			}
		},
		{
			"from": [5, 8, -3.5],
			"to": [7, 9, 2.5],
			"rotation": {"angle": -45, "axis": "y", "origin": [7.5, 8, 0.5]},
			"faces": {
				"north": {"uv": [5, 2, 3, 3], "texture": "#0"},
				"east": {"uv": [4, 2, 5, 8], "rotation": 90, "texture": "#0"},
				"south": {"uv": [5, 7, 3, 8], "rotation": 180, "texture": "#0"},
				"west": {"uv": [3, 2, 4, 8], "rotation": 270, "texture": "#0"},
				"up": {"uv": [3, 2, 5, 8], "texture": "#0"},
				"down": {"uv": [5, 2, 3, 8], "rotation": 180, "texture": "#0"}
			}
		},
		{
			"from": [4, 8, -3.5],
			"to": [5, 9, -0.5],
			"rotation": {"angle": -45, "axis": "y", "origin": [7.5, 8, 0.5]},
			"faces": {
				"north": {"uv": [3, 2, 2, 3], "texture": "#0"},
				"east": {"uv": [2, 2, 3, 5], "rotation": 90, "texture": "#0"},
				"south": {"uv": [3, 4, 2, 5], "rotation": 180, "texture": "#0"},
				"west": {"uv": [2, 2, 3, 5], "rotation": 270, "texture": "#0"},
				"up": {"uv": [2, 2, 3, 5], "texture": "#0"},
				"down": {"uv": [3, 2, 2, 5], "rotation": 180, "texture": "#0"}
			}
		},
		{
			"from": [4, 8, 0.5],
			"to": [5, 9, 8.5],
			"rotation": {"angle": -45, "axis": "y", "origin": [7.5, 8, 0.5]},
			"faces": {
				"north": {"uv": [3, 6, 2, 7], "texture": "#0"},
				"east": {"uv": [2, 6, 3, 14], "rotation": 90, "texture": "#0"},
				"south": {"uv": [3, 13, 2, 14], "rotation": 180, "texture": "#0"},
				"west": {"uv": [2, 6, 3, 14], "rotation": 270, "texture": "#0"},
				"up": {"uv": [2, 6, 3, 14], "texture": "#0"},
				"down": {"uv": [3, 6, 2, 14], "rotation": 180, "texture": "#0"}
			}
		},
		{
			"from": [5, 8, 2.5],
			"to": [6, 9, 4.5],
			"rotation": {"angle": -45, "axis": "y", "origin": [7.5, 8, 0.5]},
			"faces": {
				"north": {"uv": [4, 8, 3, 9], "texture": "#0"},
				"east": {"uv": [3, 8, 4, 10], "rotation": 90, "texture": "#0"},
				"south": {"uv": [4, 9, 3, 10], "rotation": 180, "texture": "#0"},
				"west": {"uv": [3, 8, 4, 10], "rotation": 270, "texture": "#0"},
				"up": {"uv": [3, 8, 4, 10], "texture": "#0"},
				"down": {"uv": [4, 8, 3, 10], "rotation": 180, "texture": "#0"}
			}
		},
		{
			"from": [3, 8, 2.5],
			"to": [4, 9, 8.5],
			"rotation": {"angle": -45, "axis": "y", "origin": [7.5, 8, 0.5]},
			"faces": {
				"north": {"uv": [2, 8, 1, 9], "texture": "#0"},
				"east": {"uv": [1, 8, 2, 14], "rotation": 90, "texture": "#0"},
				"south": {"uv": [2, 13, 1, 14], "rotation": 180, "texture": "#0"},
				"west": {"uv": [1, 8, 2, 14], "rotation": 270, "texture": "#0"},
				"up": {"uv": [1, 8, 2, 14], "texture": "#0"},
				"down": {"uv": [2, 8, 1, 14], "rotation": 180, "texture": "#0"}
			}
		},
		{
			"from": [2, 8, 6.5],
			"to": [10, 9, 7.5],
			"rotation": {"angle": -45, "axis": "y", "origin": [7.5, 8, 0.5]},
			"faces": {
				"north": {"uv": [8, 12, 0, 13], "texture": "#0"},
				"east": {"uv": [8, 12, 9, 13], "rotation": 90, "texture": "#0"},
				"south": {"uv": [8, 12, 0, 13], "rotation": 180, "texture": "#0"},
				"west": {"uv": [0, 12, 1, 13], "rotation": 270, "texture": "#0"},
				"up": {"uv": [0, 12, 8, 13], "texture": "#0"},
				"down": {"uv": [8, 12, 0, 13], "rotation": 180, "texture": "#0"}
			}
		},
		{
			"from": [17, 8, 7.5],
			"to": [18, 9, 9.5],
			"rotation": {"angle": -45, "axis": "y", "origin": [7.5, 8, 0.5]},
			"faces": {
				"north": {"uv": [16, 13, 15, 14], "texture": "#0"},
				"east": {"uv": [15, 13, 16, 15], "rotation": 90, "texture": "#0"},
				"south": {"uv": [16, 14, 15, 15], "rotation": 180, "texture": "#0"},
				"west": {"uv": [15, 13, 16, 15], "rotation": 270, "texture": "#0"},
				"up": {"uv": [15, 13, 16, 15], "texture": "#0"},
				"down": {"uv": [16, 13, 15, 15], "rotation": 180, "texture": "#0"}
			}
		},
		{
			"from": [10, 8, -4.5],
			"to": [16, 9, -2.5],
			"rotation": {"angle": -45, "axis": "y", "origin": [7.5, 8, 0.5]},
			"faces": {
				"north": {"uv": [14, 1, 8, 2], "texture": "#0"},
				"east": {"uv": [13, 1, 14, 3], "rotation": 90, "texture": "#0"},
				"south": {"uv": [14, 2, 8, 3], "rotation": 180, "texture": "#0"},
				"west": {"uv": [8, 1, 9, 3], "rotation": 270, "texture": "#0"},
				"up": {"uv": [8, 1, 14, 3], "texture": "#0"},
				"down": {"uv": [14, 1, 8, 3], "rotation": 180, "texture": "#0"}
			}
		},
		{
			"from": [10, 8, -2.5],
			"to": [13, 9, -1.5],
			"rotation": {"angle": -45, "axis": "y", "origin": [7.5, 8, 0.5]},
			"faces": {
				"north": {"uv": [11, 3, 8, 4], "texture": "#0"},
				"east": {"uv": [10, 3, 11, 4], "rotation": 90, "texture": "#0"},
				"south": {"uv": [11, 3, 8, 4], "rotation": 180, "texture": "#0"},
				"west": {"uv": [8, 3, 9, 4], "rotation": 270, "texture": "#0"},
				"up": {"uv": [8, 3, 11, 4], "texture": "#0"},
				"down": {"uv": [11, 3, 8, 4], "rotation": 180, "texture": "#0"}
			}
		},
		{
			"from": [15, 8, 5.5],
			"to": [16, 9, 6.5],
			"rotation": {"angle": -45, "axis": "y", "origin": [7.5, 8, 0.5]},
			"faces": {
				"north": {"uv": [13, 11, 14, 12], "texture": "#0"},
				"east": {"uv": [13, 11, 14, 12], "rotation": 90, "texture": "#0"},
				"south": {"uv": [13, 11, 14, 12], "rotation": 180, "texture": "#0"},
				"west": {"uv": [13, 11, 14, 12], "rotation": 270, "texture": "#0"},
				"up": {"uv": [13, 11, 14, 12], "texture": "#0"},
				"down": {"uv": [14, 11, 13, 12], "rotation": 180, "texture": "#0"}
			}
		},
		{
			"from": [14, 8, -5.5],
			"to": [15, 9, 9.5],
			"rotation": {"angle": -45, "axis": "y", "origin": [7.5, 8, 0.5]},
			"faces": {
				"north": {"uv": [13, 0, 12, 1], "texture": "#0"},
				"east": {"uv": [12, 0, 13, 15], "rotation": 90, "texture": "#0"},
				"south": {"uv": [13, 14, 12, 15], "rotation": 180, "texture": "#0"},
				"west": {"uv": [12, 0, 13, 15], "rotation": 270, "texture": "#0"},
				"up": {"uv": [12, 0, 13, 15], "texture": "#0"},
				"down": {"uv": [13, 0, 12, 15], "rotation": 180, "texture": "#0"}
			}
		}
	],
	"gui_light": "front",
	"display": {
		"thirdperson_righthand": {
			"rotation": [75, 45, 0],
			"translation": [0, 2.5, 0],
			"scale": [0.375, 0.375, 0.375]
		},
		"firstperson_righthand": {
			"rotation": [0, 45, 0],
			"scale": [0.4, 0.4, 0.4]
		},
		"firstperson_lefthand": {
			"rotation": [0, 225, 0],
			"scale": [0.4, 0.4, 0.4]
		},
		"ground": {
			"scale": [0.5, 0.5, 0.5]
		},
		"gui": {
			"rotation": [30, 225, 0],
			"translation": [0, -1.75, 0]
		},
		"head": {
			"translation": [0, 7.75, 0],
			"scale": [1.81, 1.81, 1.81]
		},
		"fixed": {
			"translation": [0, -3, 0],
			"scale": [1.17, 1.17, 1.17]
		}
	}
}