{
    "parent": "item/generated",
    "textures": {
        "layer0": "item/armor_stand"
    },
    "overrides":
	[
    {"predicate": {"custom_model_data": 6370000},"model": "blank"},

    {"predicate": {"custom_model_data": 6370101},"model": "machine/item/crusher"},
    {"predicate": {"custom_model_data": 6370102},"model": "machine/crusher"},

    {"predicate": {"custom_model_data": 6370120},"model": "machine/chunk_loader_star"},





    {"predicate": {"custom_model_data": 6370201},"model": "random/disguise/oak"},
    {"predicate": {"custom_model_data": 6370202},"model": "random/disguise/birch"},
    {"predicate": {"custom_model_data": 6370203},"model": "random/disguise/spruce"},
    {"predicate": {"custom_model_data": 6370204},"model": "random/disguise/jungle"},
    {"predicate": {"custom_model_data": 6370205},"model": "random/disguise/acacia"},
    {"predicate": {"custom_model_data": 6370206},"model": "random/disguise/brown_mushroom"},
    {"predicate": {"custom_model_data": 6370207},"model": "random/disguise/red_mushroom"},
    {"predicate": {"custom_model_data": 6370208},"model": "random/disguise/cactus"},
    {"predicate": {"custom_model_data": 6370209},"model": "random/disguise/stone"},
    {"predicate": {"custom_model_data": 6370210},"model": "random/disguise/sugar_cane"},
    {"predicate": {"custom_model_data": 6370211},"model": "random/disguise/lilac"},
    {"predicate": {"custom_model_data": 6370212},"model": "random/disguise/dead_bush"},

    {"predicate": {"custom_model_data": 6370301},"model": "abilities/bamboo_spikes"},
    {"predicate": {"custom_model_data": 6370302},"model": "abilities/anvil"},
    {"predicate": {"custom_model_data": 6370303},"model": "abilities/dripstone"},
    {"predicate": {"custom_model_data": 6370304},"model": "abilities/chain"},
    {"predicate": {"custom_model_data": 6370305},"model": "abilities/amethyst1"},
    {"predicate": {"custom_model_data": 6370306},"model": "abilities/amethyst2"},
    {"predicate": {"custom_model_data": 6370307},"model": "abilities/amethyst3"},
    {"predicate": {"custom_model_data": 6370308},"model": "abilities/amethyst4"},
    {"predicate": {"custom_model_data": 6370309},"model": "abilities/pot"},
    {"predicate": {"custom_model_data": 6370310},"model": "abilities/ice_spike"},
    {"predicate": {"custom_model_data": 6370311},"model": "abilities/ice_spikes"},
    {"predicate": {"custom_model_data": 6370312},"model": "abilities/iron_spike"},
    {"predicate": {"custom_model_data": 6370313},"model": "abilities/iron_spikes"},
    {"predicate": {"custom_model_data": 6370314},"model": "abilities/iron_ore_spikes"},

    {"predicate": {"custom_model_data": 6370315},"model": "abilities/rock"},
    {"predicate": {"custom_model_data": 6370316},"model": "abilities/boulder"},
    {"predicate": {"custom_model_data": 6370317},"model": "abilities/bubble"},
    {"predicate": {"custom_model_data": 6370318},"model": "abilities/big_bubble"},
    {"predicate": {"custom_model_data": 6370319},"model": "abilities/iron_spike_angled"},
    {"predicate": {"custom_model_data": 6370320},"model": "abilities/earth_spike"},
    {"predicate": {"custom_model_data": 6370321},"model": "abilities/logdotzip_team"},
    {"predicate": {"custom_model_data": 6370327},"model": "abilities/amethyst_shard"},
    {"predicate": {"custom_model_data": 6370328},"model": "abilities/large_foot"},
    {"predicate": {"custom_model_data": 6370329},"model": "abilities/foot"},
    {"predicate": {"custom_model_data": 6370330},"model": "abilities/jerome_axe"},
    {"predicate": {"custom_model_data": 6370331},"model": "abilities/zombie/zombie"},
    {"predicate": {"custom_model_data": 6370332},"model": "abilities/zombie/no_arms"},
    {"predicate": {"custom_model_data": 6370333},"model": "abilities/zombie/right_arm"},
    {"predicate": {"custom_model_data": 6370334},"model": "abilities/zombie/left_arm"},
    {"predicate": {"custom_model_data": 6370335},"model": "abilities/giant_arrow"},
    {"predicate": {"custom_model_data": 6370336},"model": "abilities/suit"},
    {"predicate": {"custom_model_data": 6370337},"model": "abilities/controller"},
    {"predicate": {"custom_model_data": 6370338},"model": "abilities/red_circle"},
    {"predicate": {"custom_model_data": 6370339},"model": "abilities/emerald"},
    {"predicate": {"custom_model_data": 6370340},"model": "abilities/villager_nose"},
    {"predicate": {"custom_model_data": 6370341},"model": "abilities/villager_anvil"},
    {"predicate": {"custom_model_data": 6370342},"model": "abilities/villager_projectile"},
    {"predicate": {"custom_model_data": 6370343},"model": "abilities/sword_projectile"},
    {"predicate": {"custom_model_data": 6370344},"model": "abilities/pickaxe_projectile"},
    {"predicate": {"custom_model_data": 6370345},"model": "abilities/cactus_thorn"},
    {"predicate": {"custom_model_data": 6370346},"model": "abilities/throwing_axe"},
    {"predicate": {"custom_model_data": 6370347},"model": "abilities/rocket"},
    {"predicate": {"custom_model_data": 6370348},"model": "abilities/sun"},
    {"predicate": {"custom_model_data": 6370349},"model": "abilities/fake_lava"},


    { "predicate": {"custom_model_data":  6371001}, "model": "tnt/entity/template"},
    { "predicate": { "custom_model_data": 6371002}, "model": "tnt/entity/amethyst"},
    { "predicate": { "custom_model_data": 6371003}, "model": "tnt/entity/arrow"},
    { "predicate": { "custom_model_data": 6371004}, "model": "tnt/entity/bee"},
    { "predicate": { "custom_model_data": 6371005}, "model": "tnt/entity/magnetic"},
    { "predicate": { "custom_model_data": 6371006}, "model": "tnt/entity/tntnt"},
    { "predicate": { "custom_model_data": 6371007}, "model": "tnt/entity/sword"},
    { "predicate": { "custom_model_data": 6371008}, "model": "tnt/entity/inverted"},
    { "predicate": { "custom_model_data": 6371009}, "model": "tnt/entity/anvil"},
    { "predicate": { "custom_model_data": 6371010}, "model": "tnt/entity/cactus"},
    { "predicate": { "custom_model_data": 6371011}, "model": "tnt/entity/directional"},
    { "predicate": { "custom_model_data": 6371012}, "model": "tnt/entity/dripstone"},
    { "predicate": { "custom_model_data": 6371013}, "model": "tnt/entity/pickaxe"},
    { "predicate": { "custom_model_data": 6371014}, "model": "tnt/entity/potato"},
    { "predicate": { "custom_model_data": 6371015}, "model": "tnt/entity/slime"},
    { "predicate": { "custom_model_data": 6371016}, "model": "tnt/entity/sponge"},
    { "predicate": { "custom_model_data": 6371017}, "model": "tnt/entity/cow"},
    { "predicate": { "custom_model_data": 6371018}, "model": "tnt/entity/frost"},
    { "predicate": { "custom_model_data": 6371019}, "model": "tnt/entity/laser"},
    { "predicate": { "custom_model_data": 6371020}, "model": "tnt/entity/meteor"},
    { "predicate": { "custom_model_data": 6371021}, "model": "tnt/entity/poison"},
    { "predicate": { "custom_model_data": 6371022}, "model": "tnt/entity/tall"},
    { "predicate": { "custom_model_data": 6371023}, "model": "tnt/entity/tunnel"},
    { "predicate": { "custom_model_data": 6371024}, "model": "tnt/entity/wide"},
    { "predicate": { "custom_model_data": 6371025}, "model": "tnt/entity/tntntnt"},
    { "predicate": { "custom_model_data": 6371026}, "model": "tnt/entity/fake"},
    { "predicate": { "custom_model_data": 6371027}, "model": "tnt/entity/acid"},
    { "predicate": { "custom_model_data": 6371028}, "model": "tnt/entity/rocket"},
    { "predicate": { "custom_model_data": 6371029}, "model": "tnt/entity/potion"},
    { "predicate": { "custom_model_data": 6371030}, "model": "tnt/entity/blackhole"},
    { "predicate": { "custom_model_data": 6371031}, "model": "tnt/entity/antigravity"},
    { "predicate": { "custom_model_data": 6371032}, "model": "tnt/entity/sun"},
    { "predicate": { "custom_model_data": 6371033}, "model": "tnt/entity/impact"},
    { "predicate": { "custom_model_data": 6371034}, "model": "tnt/entity/lava"},
    { "predicate": { "custom_model_data": 6371035}, "model": "tnt/entity/fire"},
    { "predicate": { "custom_model_data": 6371036}, "model": "tnt/entity/firework"},
    { "predicate": { "custom_model_data": 6371037}, "model": "tnt/entity/killer_rabbit"},
    { "predicate": { "custom_model_data": 6371038}, "model": "tnt/entity/random"},
    { "predicate": { "custom_model_data": 6371039}, "model": "tnt/entity/shooting_star"},
    { "predicate": { "custom_model_data": 6371040}, "model": "tnt/entity/treent"},




    {"predicate": {"custom_model_data": 6371201},"model": "tnt/cannon/2_turret_green"},
    {"predicate": {"custom_model_data": 6371202},"model": "tnt/cannon/2_gun"},

    {"predicate": {"custom_model_data": 6371203},"model": "tnt/cannon/2_turret_red"},
    {"predicate": {"custom_model_data": 6371204},"model": "tnt/cannon/2_turret_orange"},
    {"predicate": {"custom_model_data": 6371205},"model": "tnt/cannon/2_turret_tan"},
    {"predicate": {"custom_model_data": 6371206},"model": "tnt/cannon/2_turret_blue"},
    {"predicate": {"custom_model_data": 6371207},"model": "tnt/cannon/2_turret_gray"},
    {"predicate": {"custom_model_data": 6371208},"model": "tnt/cannon/2_turret_white"},



    { "predicate": { "custom_model_data": 6372001}, "model": "tnt/entity/cannon_shot/template"},
    { "predicate": { "custom_model_data": 6372002}, "model": "tnt/entity/cannon_shot/amethyst"},
    { "predicate": { "custom_model_data": 6372003}, "model": "tnt/entity/cannon_shot/arrow"},
    { "predicate": { "custom_model_data": 6372004}, "model": "tnt/entity/cannon_shot/bee"},
    { "predicate": { "custom_model_data": 6372005}, "model": "tnt/entity/cannon_shot/magnetic"},
    { "predicate": { "custom_model_data": 6372006}, "model": "tnt/entity/cannon_shot/tntnt"},
    { "predicate": { "custom_model_data": 6372007}, "model": "tnt/entity/cannon_shot/sword"},
    { "predicate": { "custom_model_data": 6372008}, "model": "tnt/entity/cannon_shot/inverted"},
    { "predicate": { "custom_model_data": 6372009}, "model": "tnt/entity/cannon_shot/anvil"},
    { "predicate": { "custom_model_data": 6372010}, "model": "tnt/entity/cannon_shot/cactus"},
    { "predicate": { "custom_model_data": 6372011}, "model": "tnt/entity/cannon_shot/directional"},
    { "predicate": { "custom_model_data": 6372012}, "model": "tnt/entity/cannon_shot/dripstone"},
    { "predicate": { "custom_model_data": 6372013}, "model": "tnt/entity/cannon_shot/pickaxe"},
    { "predicate": { "custom_model_data": 6372014}, "model": "tnt/entity/cannon_shot/potato"},
    { "predicate": { "custom_model_data": 6372015}, "model": "tnt/entity/cannon_shot/slime"},
    { "predicate": { "custom_model_data": 6372016}, "model": "tnt/entity/cannon_shot/sponge"},
    { "predicate": { "custom_model_data": 6372017}, "model": "tnt/entity/cannon_shot/cow"},
    { "predicate": { "custom_model_data": 6372018}, "model": "tnt/entity/cannon_shot/frost"},
    { "predicate": { "custom_model_data": 6372019}, "model": "tnt/entity/cannon_shot/laser"},
    { "predicate": { "custom_model_data": 6372020}, "model": "tnt/entity/cannon_shot/meteor"},
    { "predicate": { "custom_model_data": 6372021}, "model": "tnt/entity/cannon_shot/poison"},
    { "predicate": { "custom_model_data": 6372022}, "model": "tnt/entity/cannon_shot/tall"},
    { "predicate": { "custom_model_data": 6372023}, "model": "tnt/entity/cannon_shot/tunnel"},
    { "predicate": { "custom_model_data": 6372024}, "model": "tnt/entity/cannon_shot/wide"},
    { "predicate": { "custom_model_data": 6372025}, "model": "tnt/entity/cannon_shot/tntntnt"},
    { "predicate": { "custom_model_data": 6372026}, "model": "tnt/entity/cannon_shot/fake"},
    { "predicate": { "custom_model_data": 6372027}, "model": "tnt/entity/cannon_shot/acid"},
    { "predicate": { "custom_model_data": 6372028}, "model": "tnt/entity/cannon_shot/rocket"},
    { "predicate": { "custom_model_data": 6372029}, "model": "tnt/entity/cannon_shot/potion"},
    { "predicate": { "custom_model_data": 6372030}, "model": "tnt/entity/cannon_shot/blackhole"},
    { "predicate": { "custom_model_data": 6372031}, "model": "tnt/entity/cannon_shot/antigravity"},
    { "predicate": { "custom_model_data": 6372032}, "model": "tnt/entity/cannon_shot/sun"},
    { "predicate": { "custom_model_data": 6372033}, "model": "tnt/entity/cannon_shot/impact"},
    { "predicate": { "custom_model_data": 6372034}, "model": "tnt/entity/cannon_shot/lava"},
    { "predicate": { "custom_model_data": 6372035}, "model": "tnt/entity/cannon_shot/fire"},
    { "predicate": { "custom_model_data": 6372036}, "model": "tnt/entity/cannon_shot/firework"},
    { "predicate": { "custom_model_data": 6372037}, "model": "tnt/entity/cannon_shot/killer_rabbit"},
    { "predicate": { "custom_model_data": 6372038}, "model": "tnt/entity/cannon_shot/random"},
    { "predicate": { "custom_model_data": 6372039}, "model": "tnt/entity/cannon_shot/shooting_star"},
    { "predicate": { "custom_model_data": 6372040}, "model": "tnt/entity/cannon_shot/treent"}



   
    ]
}
