{
  "parent": "wasd.tnt:recipes/crafter_recipe",
  "display": {
    "icon": {
      "item": "minecraft:glow_item_frame",
      "nbt": "{CustomModelData:6371009}"
    },
    "title": "Anvil TNT",
    "description": "Throws a bunch of dangerous anvils into the air",
    "frame": "goal",
    "show_toast": true,
    "announce_to_chat": false,
    "hidden": false
  },
  "criteria": {
    "requirement": {
      "trigger": "minecraft:inventory_changed",
      "conditions": {
        "items": [
          {
            "nbt": "{CustomModelData:6371009}",
            "items": [
              "minecraft:glow_item_frame"
            ]
          }
        ]
      }
    }
  }
}
