{
  "parent": "wasd.tnt:recipes/patron/patreon",
  "display": {
    "icon": {
      "item": "minecraft:item_frame",
      "nbt": "{CustomModelData:6371002}"
    },
    "title": "TNT Cannon",
    "description": "Can be aimed to shoot TNT (including Custom TNT).",
    "frame": "goal",
    "show_toast": true,
    "announce_to_chat": false,
    "hidden": false
  },
  "criteria": {
    "requirement": {
      "trigger": "minecraft:inventory_changed",
      "conditions": {
        "items": [
          {
            "nbt": "{CustomModelData:6371002}",
            "items": [
              "minecraft:item_frame"
            ]
          }
        ]
      }
    }
  }
}
