{
    "condition": "minecraft:alternative",
    "terms": [
      {"condition": "minecraft:location_check","predicate": {"biome": "minecraft:jagged_peaks"}},
      {"condition": "minecraft:location_check","predicate": {"biome": "minecraft:mushroom_fields"}},
      {"condition": "minecraft:location_check","predicate": {"biome": "minecraft:stony_peaks"}},
      {"condition": "minecraft:location_check","predicate": {"biome": "minecraft:stony_shore"}},
      {"condition": "minecraft:location_check","predicate": {"biome": "minecraft:the_void"}},
      {"condition": "minecraft:location_check","predicate": {"biome": "minecraft:windswept_gravelly_hills"}
      }
    ]
  }