{
    "condition": "minecraft:alternative",
    "terms": [
      {"condition": "minecraft:location_check","predicate": {"biome": "minecraft:bamboo_jungle"}},
      {"condition": "minecraft:location_check","predicate": {"biome": "minecraft:birch_forest"}},
      {"condition": "minecraft:location_check","predicate": {"biome": "minecraft:dark_forest"}},
      {"condition": "minecraft:location_check","predicate": {"biome": "minecraft:flower_forest"}},
      {"condition": "minecraft:location_check","predicate": {"biome": "minecraft:forest"}},
      {"condition": "minecraft:location_check","predicate": {"biome": "minecraft:jungle"}},
      {"condition": "minecraft:location_check","predicate": {"biome": "minecraft:lush_caves"}},
      {"condition": "minecraft:location_check","predicate": {"biome": "minecraft:meadow"}},
      {"condition": "minecraft:location_check","predicate": {"biome": "minecraft:old_growth_birch_forest"}},
      {"condition": "minecraft:location_check","predicate": {"biome": "minecraft:old_growth_pine_taiga"}},
      {"condition": "minecraft:location_check","predicate": {"biome": "minecraft:old_growth_spruce_taiga"}},
      {"condition": "minecraft:location_check","predicate": {"biome": "minecraft:plains"}},
      {"condition": "minecraft:location_check","predicate": {"biome": "minecraft:sparse_jungle"}},
      {"condition": "minecraft:location_check","predicate": {"biome": "minecraft:swamp"}},
      {"condition": "minecraft:location_check","predicate": {"biome": "minecraft:sunflower_plains"}},
      {"condition": "minecraft:location_check","predicate": {"biome": "minecraft:taiga"}},
      {"condition": "minecraft:location_check","predicate": {"biome": "minecraft:windswept_forest"}},
      {"condition": "minecraft:location_check","predicate": {"biome": "minecraft:windswept_hills"}
      }
    ]
  }